{
  "agent": "agents.scripted",
  "population": 102.0,
  "raw_score": 62.26610570458898,
  "renewable_share": 0.7179371565740901,
  "scenario": "scenarios.baseline",
  "seed": 42,
  "treasury_delta": -428701.7819884487
}
