{
  "agent": "agents.scripted",
  "population": 102.0,
  "raw_score": 0.6528286285888716,
  "renewable_share": 0.6662173203714746,
  "scenario": "scenarios.economy_stress",
  "seed": 42,
  "treasury_delta": -432427.7819884487
}
