{
  "agent": "agents.scripted",
  "population": 103.0,
  "raw_score": 0.2722375803918524,
  "renewable_share": 0.6541027115490461,
  "scenario": "scenarios.economy_stress",
  "seed": 42,
  "treasury_delta": -289653.51415654726
}
