{
  "agent": "agents.scripted",
  "population": 103.0,
  "raw_score": 0.31263481198551274,
  "renewable_share": 0.650386581393589,
  "scenario": "scenarios.grid_stress",
  "seed": 42,
  "treasury_delta": -227991.73214763578
}
